{"cameraMode":{"drawMode":0,"name":"Shaded","section":"Shading Mode"},"sceneLighting":false,"audioPlay":false,"sceneViewState":{"showFog":true,"showMaterialUpdate":false,"showSkybox":false,"showFlares":true,"showImageEffects":true,"showParticleSystems":true},"in2DMode":false,"pivot":{"x":0.00606536865234375,"y":-1.304793357849121,"z":0.13159632682800294},"rotation":{"x":-0.28692901134490969,"y":0.2932162880897522,"z":-0.09273356944322586,"w":-0.9072471261024475},"size":4.210463047027588,"orthographic":false}