{"cameraMode":{"drawMode":0,"name":"Shaded","section":"Shading Mode"},"sceneLighting":false,"audioPlay":false,"sceneViewState":{"showFog":true,"showMaterialUpdate":false,"showSkybox":false,"showFlares":true,"showImageEffects":true,"showParticleSystems":true},"in2DMode":false,"pivot":{"x":-0.05938827991485596,"y":0.4292009174823761,"z":0.0},"rotation":{"x":0.013475067913532257,"y":0.9079751372337341,"z":-0.4178559184074402,"w":0.02934829518198967},"size":3.2310404777526857,"orthographic":false}