{"cameraMode":{"drawMode":0,"name":"Shaded","section":"Shading Mode"},"sceneLighting":false,"audioPlay":false,"sceneViewState":{"showFog":true,"showMaterialUpdate":false,"showSkybox":false,"showFlares":true,"showImageEffects":true,"showParticleSystems":true},"in2DMode":false,"pivot":{"x":-0.004756510257720947,"y":0.40108436346054079,"z":-0.04968452453613281},"rotation":{"x":-0.2759818434715271,"y":0.5022963881492615,"z":-0.1730678230524063,"w":-0.8010044097900391},"size":2.1261277198791506,"orthographic":false}